,Layer1,Layer2,Train loss,Test losses,Train Acc,Test Acc
0,128.0,128.0,0.00026366881303450403,0.0007721158326603472,99.21666666666667,97.78999999999999
1,256.0,256.0,0.000189792599954914,0.000693259877152741,99.44,98.02
2,400.0,400.0,0.00016446547159090793,0.000661296013277024,99.58,98.06
3,512.0,512.0,0.00014040358742737832,0.0006292535690590739,99.64166666666667,98.13
4,750.0,750.0,0.0001226991377499265,0.0005813186289742589,99.71,98.28
5,1024.0,1024.0,0.00014348463144463796,0.0005698305321857333,99.66166666666668,98.27
